1636930800000,2021-11-14 23:00:00,ETH/USDT,4573.71000000,4631.75000000,4542.82000000,4626.50000000,16111.90970000,74053826.99572000,36465
1636927200000,2021-11-14 22:00:00,ETH/USDT,4573.69000000,4596.66000000,4570.01000000,4573.72000000,6140.23570000,28140791.48758400,18389
1636923600000,2021-11-14 21:00:00,ETH/USDT,4552.75000000,4594.97000000,4540.50000000,4573.70000000,13849.44590000,63369502.39067700,27413
1636920000000,2021-11-14 20:00:00,ETH/USDT,4545.00000000,4560.81000000,4533.72000000,4552.76000000,5928.66940000,26958079.26062800,17612
1636916400000,2021-11-14 19:00:00,ETH/USDT,4548.38000000,4548.54000000,4518.48000000,4545.01000000,9271.71330000,42037918.42840400,23311
1636912800000,2021-11-14 18:00:00,ETH/USDT,4556.81000000,4571.19000000,4527.89000000,4548.38000000,9363.21120000,42587993.67133900,23244
1636909200000,2021-11-14 17:00:00,ETH/USDT,4537.25000000,4563.14000000,4514.12000000,4556.61000000,14628.39570000,66298549.03352600,36357
1636905600000,2021-11-14 16:00:00,ETH/USDT,4583.91000000,4590.11000000,4525.98000000,4537.24000000,34094.18700000,155261126.25254300,59438
1636902000000,2021-11-14 15:00:00,ETH/USDT,4593.63000000,4594.86000000,4574.97000000,4583.91000000,7169.71910000,32879789.08326300,19624
1636898400000,2021-11-14 14:00:00,ETH/USDT,4612.41000000,4612.42000000,4580.02000000,4593.63000000,10535.85840000,48403217.33597000,25546
1636894800000,2021-11-14 13:00:00,ETH/USDT,4619.28000000,4628.07000000,4611.75000000,4612.37000000,6293.41240000,29069935.74446100,23477
1636891200000,2021-11-14 12:00:00,ETH/USDT,4612.44000000,4634.64000000,4591.41000000,4619.28000000,7682.40840000,35440886.51879600,31092
1636887600000,2021-11-14 11:00:00,ETH/USDT,4606.11000000,4614.00000000,4594.47000000,4612.45000000,4913.57250000,22628642.66750500,15428
1636884000000,2021-11-14 10:00:00,ETH/USDT,4590.47000000,4615.74000000,4584.63000000,4606.10000000,7648.79680000,35217492.48134800,19366
1636880400000,2021-11-14 09:00:00,ETH/USDT,4584.10000000,4605.25000000,4567.02000000,4590.48000000,9156.76520000,41990033.61980600,22936
1636876800000,2021-11-14 08:00:00,ETH/USDT,4598.77000000,4608.56000000,4571.65000000,4584.09000000,13294.50470000,60993959.40960600,34271
1636873200000,2021-11-14 07:00:00,ETH/USDT,4638.71000000,4641.00000000,4593.84000000,4598.40000000,14867.39340000,68570502.77920000,32364
1636869600000,2021-11-14 06:00:00,ETH/USDT,4642.12000000,4656.30000000,4633.00000000,4638.71000000,8106.72000000,37639828.63710100,18992
1636866000000,2021-11-14 05:00:00,ETH/USDT,4633.43000000,4647.13000000,4622.78000000,4642.11000000,6300.24570000,29220788.29526300,16508
1636862400000,2021-11-14 04:00:00,ETH/USDT,4628.63000000,4648.47000000,4625.31000000,4633.40000000,4688.02070000,21739522.37677000,25333
1636858800000,2021-11-14 03:00:00,ETH/USDT,4635.64000000,4648.01000000,4621.81000000,4628.63000000,7271.00190000,33694502.64946000,23114
1636855200000,2021-11-14 02:00:00,ETH/USDT,4661.41000000,4667.81000000,4633.56000000,4635.65000000,6752.01640000,31395462.51928800,20932
1636851600000,2021-11-14 01:00:00,ETH/USDT,4675.47000000,4682.60000000,4650.00000000,4661.41000000,7442.80860000,34723858.27340800,21053
1636848000000,2021-11-14 00:00:00,ETH/USDT,4644.27000000,4696.05000000,4636.83000000,4675.47000000,13798.05530000,64470329.49411200,31226
1636844400000,2021-11-13 23:00:00,ETH/USDT,4639.62000000,4664.23000000,4632.79000000,4644.28000000,6464.76080000,30040392.54971700,15110
1636840800000,2021-11-13 22:00:00,ETH/USDT,4656.98000000,4660.83000000,4636.37000000,4639.63000000,6325.63950000,29414083.45930500,16914
1636837200000,2021-11-13 21:00:00,ETH/USDT,4660.78000000,4661.84000000,4642.00000000,4656.98000000,4573.99200000,21282802.39441700,14353
1636833600000,2021-11-13 20:00:00,ETH/USDT,4643.96000000,4665.39000000,4640.51000000,4660.78000000,5167.56050000,24028063.63848700,17462
1636830000000,2021-11-13 19:00:00,ETH/USDT,4653.17000000,4653.17000000,4620.00000000,4643.80000000,10564.91430000,48981438.93242000,24120
1636826400000,2021-11-13 18:00:00,ETH/USDT,4685.50000000,4688.63000000,4644.88000000,4653.17000000,11495.05360000,53625046.14835200,44572
1636822800000,2021-11-13 17:00:00,ETH/USDT,4674.26000000,4686.00000000,4660.86000000,4685.51000000,8005.64360000,37405924.64958100,43253
1636819200000,2021-11-13 16:00:00,ETH/USDT,4680.24000000,4701.97000000,4671.61000000,4674.27000000,15492.36030000,72570629.16310700,44616
1636815600000,2021-11-13 15:00:00,ETH/USDT,4672.85000000,4693.00000000,4665.00000000,4680.23000000,10494.29440000,49102004.85674200,26581
1636812000000,2021-11-13 14:00:00,ETH/USDT,4615.71000000,4698.00000000,4614.45000000,4672.84000000,31209.43590000,145562537.33564500,75556
1636808400000,2021-11-13 13:00:00,ETH/USDT,4603.60000000,4628.64000000,4600.00000000,4615.71000000,7811.06080000,36024443.92239700,36756
1636804800000,2021-11-13 12:00:00,ETH/USDT,4609.30000000,4631.07000000,4596.89000000,4603.60000000,7968.43510000,36746072.23652000,31720
1636801200000,2021-11-13 11:00:00,ETH/USDT,4614.90000000,4620.02000000,4598.06000000,4609.31000000,5879.50450000,27110903.69296400,19031
1636797600000,2021-11-13 10:00:00,ETH/USDT,4592.47000000,4619.01000000,4587.40000000,4614.89000000,6556.37180000,30196872.46188400,20492
1636794000000,2021-11-13 09:00:00,ETH/USDT,4624.93000000,4629.57000000,4584.08000000,4592.46000000,10994.65810000,50589855.93406400,29230
1636790400000,2021-11-13 08:00:00,ETH/USDT,4645.78000000,4648.83000000,4620.00000000,4624.93000000,5964.42720000,27642504.94603100,32367
1636786800000,2021-11-13 07:00:00,ETH/USDT,4647.78000000,4652.19000000,4625.46000000,4645.55000000,6367.73180000,29528797.39516800,28763
1636783200000,2021-11-13 06:00:00,ETH/USDT,4618.32000000,4653.24000000,4617.37000000,4647.77000000,5656.42240000,26219955.28570000,20760
1636779600000,2021-11-13 05:00:00,ETH/USDT,4622.76000000,4634.69000000,4611.30000000,4618.31000000,5581.63600000,25795210.57832000,33700
1636776000000,2021-11-13 04:00:00,ETH/USDT,4639.50000000,4649.99000000,4613.03000000,4622.76000000,6319.86370000,29254670.92852200,28096
1636772400000,2021-11-13 03:00:00,ETH/USDT,4630.57000000,4646.55000000,4628.30000000,4639.50000000,5734.06700000,26588264.39572800,33852
1636768800000,2021-11-13 02:00:00,ETH/USDT,4630.91000000,4651.46000000,4622.14000000,4630.57000000,9754.84230000,45213598.24793000,34426
1636765200000,2021-11-13 01:00:00,ETH/USDT,4687.99000000,4692.73000000,4628.45000000,4630.91000000,12525.28420000,58368916.89512500,28769
1636761600000,2021-11-13 00:00:00,ETH/USDT,4665.47000000,4707.60000000,4665.16000000,4687.99000000,13812.70130000,64849461.49812600,30626
1636758000000,2021-11-12 23:00:00,ETH/USDT,4642.91000000,4685.00000000,4642.00000000,4665.46000000,7777.52100000,36248251.76010200,39902
1636754400000,2021-11-12 22:00:00,ETH/USDT,4654.97000000,4662.42000000,4630.50000000,4642.91000000,7910.17420000,36763059.29450800,37871
1636750800000,2021-11-12 21:00:00,ETH/USDT,4668.97000000,4693.05000000,4650.01000000,4654.98000000,9627.22700000,44988108.04498400,32631
1636747200000,2021-11-12 20:00:00,ETH/USDT,4654.21000000,4681.58000000,4652.37000000,4668.98000000,10807.44150000,50437067.81961400,27975
1636743600000,2021-11-12 19:00:00,ETH/USDT,4640.20000000,4658.67000000,4621.60000000,4654.21000000,9365.21410000,43467119.89042400,23516
1636740000000,2021-11-12 18:00:00,ETH/USDT,4616.80000000,4669.56000000,4613.75000000,4640.21000000,23758.64440000,110334832.99423700,49131
1636736400000,2021-11-12 17:00:00,ETH/USDT,4571.33000000,4619.86000000,4558.68000000,4616.80000000,15864.49010000,72726187.26274800,36501
1636732800000,2021-11-12 16:00:00,ETH/USDT,4571.07000000,4600.00000000,4507.85000000,4571.32000000,46575.05930000,211811084.40329400,98759
1636729200000,2021-11-12 15:00:00,ETH/USDT,4585.00000000,4601.09000000,4552.99000000,4571.06000000,16652.54030000,76193640.15095900,56013
1636725600000,2021-11-12 14:00:00,ETH/USDT,4604.60000000,4620.41000000,4579.10000000,4585.00000000,17788.25560000,81834919.09694800,37031
1636722000000,2021-11-12 13:00:00,ETH/USDT,4596.84000000,4617.15000000,4540.00000000,4604.60000000,29031.18580000,132869985.34074000,62648
1636718400000,2021-11-12 12:00:00,ETH/USDT,4600.85000000,4633.39000000,4555.99000000,4596.88000000,34026.49600000,156362237.50083800,64909
1636714800000,2021-11-12 11:00:00,ETH/USDT,4613.09000000,4639.49000000,4573.61000000,4600.85000000,30793.73970000,141648459.24010300,73513
1636711200000,2021-11-12 10:00:00,ETH/USDT,4617.02000000,4650.00000000,4602.00000000,4613.09000000,28862.94810000,133405622.00706700,62338
1636707600000,2021-11-12 09:00:00,ETH/USDT,4732.58000000,4733.76000000,4607.32000000,4617.02000000,38661.38420000,180276245.27248100,96494
1636704000000,2021-11-12 08:00:00,ETH/USDT,4711.40000000,4739.28000000,4691.20000000,4732.57000000,13835.08620000,65328828.23166900,35124
1636700400000,2021-11-12 07:00:00,ETH/USDT,4719.70000000,4729.99000000,4692.76000000,4711.39000000,14611.37590000,68818796.08490000,58088
1636696800000,2021-11-12 06:00:00,ETH/USDT,4739.45000000,4750.14000000,4714.76000000,4719.69000000,9073.64820000,42985908.03240200,46523
1636693200000,2021-11-12 05:00:00,ETH/USDT,4781.63000000,4783.71000000,4738.00000000,4739.45000000,7890.27810000,37547952.51581000,35640
1636689600000,2021-11-12 04:00:00,ETH/USDT,4774.36000000,4785.00000000,4756.14000000,4781.62000000,10032.69710000,47853073.59869400,26184
1636686000000,2021-11-12 03:00:00,ETH/USDT,4786.72000000,4794.48000000,4761.11000000,4774.35000000,8815.44850000,42097483.91523100,28884
1636682400000,2021-11-12 02:00:00,ETH/USDT,4785.01000000,4809.71000000,4770.57000000,4786.87000000,16044.88180000,76896784.62760100,64439
1636678800000,2021-11-12 01:00:00,ETH/USDT,4724.82000000,4791.00000000,4691.00000000,4785.01000000,38118.58580000,181325525.05891400,72827
1636675200000,2021-11-12 00:00:00,ETH/USDT,4719.00000000,4738.80000000,4694.32000000,4724.83000000,15655.71860000,73908944.72749900,39471
1636671600000,2021-11-11 23:00:00,ETH/USDT,4750.34000000,4752.27000000,4713.00000000,4719.00000000,8275.91370000,39120813.95856400,26443
1636668000000,2021-11-11 22:00:00,ETH/USDT,4743.76000000,4762.00000000,4731.53000000,4750.34000000,5493.25930000,26084019.78856000,31447
1636664400000,2021-11-11 21:00:00,ETH/USDT,4731.10000000,4753.30000000,4730.00000000,4743.76000000,6442.73480000,30532200.48297900,19359
1636660800000,2021-11-11 20:00:00,ETH/USDT,4758.98000000,4775.64000000,4730.32000000,4731.09000000,9610.86070000,45671348.10143100,31717
1636657200000,2021-11-11 19:00:00,ETH/USDT,4728.02000000,4761.89000000,4728.02000000,4758.98000000,9705.93820000,46100087.68137100,45338
1636653600000,2021-11-11 18:00:00,ETH/USDT,4751.80000000,4759.81000000,4720.31000000,4728.02000000,10293.79810000,48782666.82502800,47103
1636650000000,2021-11-11 17:00:00,ETH/USDT,4767.31000000,4774.76000000,4742.56000000,4751.80000000,9581.26160000,45591564.84459300,28685
1636646400000,2021-11-11 16:00:00,ETH/USDT,4719.82000000,4779.00000000,4714.49000000,4767.31000000,19044.82900000,90529858.68285400,73640
1636642800000,2021-11-11 15:00:00,ETH/USDT,4735.30000000,4756.00000000,4706.43000000,4719.81000000,15611.03080000,73837837.52892400,33844
1636639200000,2021-11-11 14:00:00,ETH/USDT,4703.11000000,4760.56000000,4679.46000000,4735.31000000,22749.36390000,107422259.70454800,55982
1636635600000,2021-11-11 13:00:00,ETH/USDT,4715.47000000,4722.97000000,4692.99000000,4703.01000000,12025.63430000,56612544.61726100,30654
1636632000000,2021-11-11 12:00:00,ETH/USDT,4721.95000000,4729.68000000,4673.84000000,4715.48000000,17507.58790000,82319567.73891300,44557
1636628400000,2021-11-11 11:00:00,ETH/USDT,4706.39000000,4722.30000000,4694.48000000,4721.95000000,10042.34090000,47292116.55786300,29698
1636624800000,2021-11-11 10:00:00,ETH/USDT,4727.98000000,4731.63000000,4690.72000000,4706.39000000,11358.00860000,53526933.70025500,28000
1636621200000,2021-11-11 09:00:00,ETH/USDT,4720.52000000,4743.09000000,4700.23000000,4727.98000000,18922.45460000,89416929.79223300,52551
1636617600000,2021-11-11 08:00:00,ETH/USDT,4691.35000000,4721.58000000,4653.86000000,4720.13000000,16583.43250000,77698450.30485000,49869
1636614000000,2021-11-11 07:00:00,ETH/USDT,4669.25000000,4697.66000000,4669.25000000,4691.34000000,12416.32970000,58163905.32254800,39838
1636610400000,2021-11-11 06:00:00,ETH/USDT,4656.01000000,4676.92000000,4641.32000000,4669.24000000,10214.09850000,47604719.51782600,36146
1636606800000,2021-11-11 05:00:00,ETH/USDT,4633.97000000,4662.18000000,4633.21000000,4656.01000000,10692.37540000,49698565.95580400,31121
1636603200000,2021-11-11 04:00:00,ETH/USDT,4636.69000000,4640.96000000,4621.00000000,4633.97000000,9495.97260000,43974222.49692700,25200
1636599600000,2021-11-11 03:00:00,ETH/USDT,4615.01000000,4651.56000000,4602.13000000,4636.68000000,13956.70360000,64605165.32510300,34598
1636596000000,2021-11-11 02:00:00,ETH/USDT,4615.68000000,4615.91000000,4580.80000000,4615.01000000,11684.99210000,53700926.27440200,32577
1636592400000,2021-11-11 01:00:00,ETH/USDT,4626.69000000,4632.31000000,4594.04000000,4615.69000000,12269.24960000,56575607.95071800,31767
1636588800000,2021-11-11 00:00:00,ETH/USDT,4628.68000000,4628.70000000,4576.47000000,4626.68000000,19710.80610000,90747885.58886200,49030
1636585200000,2021-11-10 23:00:00,ETH/USDT,4640.57000000,4640.59000000,4579.39000000,4628.78000000,19968.64760000,92107763.17178600,52063
1636581600000,2021-11-10 22:00:00,ETH/USDT,4552.90000000,4656.92000000,4525.09000000,4640.54000000,34376.91400000,157854306.60567400,107009
1636578000000,2021-11-10 21:00:00,ETH/USDT,4638.25000000,4658.16000000,4461.93000000,4552.68000000,106432.02850000,486808439.30045300,224523
1636574400000,2021-11-10 20:00:00,ETH/USDT,4705.65000000,4722.00000000,4572.66000000,4638.66000000,77676.54750000,361599145.82777200,167173
1636570800000,2021-11-10 19:00:00,ETH/USDT,4782.86000000,4810.00000000,4695.55000000,4705.37000000,29841.99690000,141804023.42994500,81768
1636567200000,2021-11-10 18:00:00,ETH/USDT,4839.12000000,4840.80000000,4763.98000000,4782.85000000,20954.28850000,100542282.96568500,66660
1636563600000,2021-11-10 17:00:00,ETH/USDT,4846.06000000,4854.27000000,4824.09000000,4839.12000000,11855.34690000,57388003.95634700,33237
1636560000000,2021-11-10 16:00:00,ETH/USDT,4846.94000000,4864.84000000,4833.19000000,4846.05000000,23144.97720000,112157222.12358000,50584
1636556400000,2021-11-10 15:00:00,ETH/USDT,4845.25000000,4856.59000000,4831.51000000,4846.71000000,15779.65280000,76458931.05684300,44247
1636552800000,2021-11-10 14:00:00,ETH/USDT,4792.39000000,4868.00000000,4791.22000000,4845.24000000,37726.30283000,182323678.18145470,156461
1636549200000,2021-11-10 13:00:00,ETH/USDT,4709.86000000,4799.93000000,4693.62000000,4792.39000000,30718.73200000,146104161.82719300,70428
1636545600000,2021-11-10 12:00:00,ETH/USDT,4729.67000000,4752.00000000,4698.58000000,4709.86000000,13147.75010000,62128418.21302300,40318
1636542000000,2021-11-10 11:00:00,ETH/USDT,4740.17000000,4755.00000000,4729.00000000,4729.67000000,9551.61770000,45261521.13676200,35171
1636538400000,2021-11-10 10:00:00,ETH/USDT,4707.11000000,4750.99000000,4702.38000000,4740.16000000,10517.39050000,49791096.36051800,28596
1636534800000,2021-11-10 09:00:00,ETH/USDT,4709.01000000,4725.11000000,4700.11000000,4707.12000000,9376.85840000,44172108.37411500,23058
1636531200000,2021-11-10 08:00:00,ETH/USDT,4714.60000000,4735.70000000,4707.00000000,4709.01000000,12264.77070000,57886371.35607600,27568
1636527600000,2021-11-10 07:00:00,ETH/USDT,4739.79000000,4743.92000000,4708.43000000,4714.60000000,11806.73490000,55841271.05295200,31292
1636524000000,2021-11-10 06:00:00,ETH/USDT,4701.08000000,4740.96000000,4697.28000000,4739.78000000,11313.16680000,53357384.22136500,32347
1636520400000,2021-11-10 05:00:00,ETH/USDT,4713.76000000,4716.44000000,4697.30000000,4701.07000000,7792.18850000,36683302.42370500,21821
1636516800000,2021-11-10 04:00:00,ETH/USDT,4691.48000000,4717.33000000,4677.91000000,4713.75000000,10563.23820000,49615318.12007800,41941
1636513200000,2021-11-10 03:00:00,ETH/USDT,4737.99000000,4738.00000000,4679.98000000,4691.48000000,18405.21030000,86500122.13417600,55619
1636509600000,2021-11-10 02:00:00,ETH/USDT,4730.73000000,4756.00000000,4727.80000000,4738.00000000,7668.62410000,36355137.39462300,20222
1636506000000,2021-11-10 01:00:00,ETH/USDT,4721.11000000,4744.19000000,4712.18000000,4730.73000000,8550.94540000,40458544.06861200,28925
1636502400000,2021-11-10 00:00:00,ETH/USDT,4732.33000000,4758.60000000,4700.00000000,4721.11000000,14163.06130000,66976947.85775100,51343
1636498800000,2021-11-09 23:00:00,ETH/USDT,4757.18000000,4767.17000000,4717.07000000,4732.33000000,10916.76060000,51718558.06854000,35166
1636495200000,2021-11-09 22:00:00,ETH/USDT,4798.15000000,4799.01000000,4747.52000000,4757.18000000,7508.85980000,35816576.02878100,37806
1636491600000,2021-11-09 21:00:00,ETH/USDT,4775.67000000,4801.67000000,4763.54000000,4798.16000000,8368.62120000,40012475.70533000,26967
1636488000000,2021-11-09 20:00:00,ETH/USDT,4750.62000000,4776.84000000,4732.00000000,4775.67000000,12069.21490000,57410387.37168300,36748
1636484400000,2021-11-09 19:00:00,ETH/USDT,4744.62000000,4753.59000000,4713.89000000,4750.62000000,15034.41580000,71142143.46142100,56399
1636480800000,2021-11-09 18:00:00,ETH/USDT,4776.68000000,4792.82000000,4744.46000000,4744.63000000,8817.80360000,42048069.69433300,26171
1636477200000,2021-11-09 17:00:00,ETH/USDT,4773.97000000,4785.00000000,4738.00000000,4776.68000000,12858.31160000,61209630.21915400,43209
1636473600000,2021-11-09 16:00:00,ETH/USDT,4790.98000000,4798.03000000,4749.36000000,4773.98000000,18532.98550000,88527242.46425600,47230
1636470000000,2021-11-09 15:00:00,ETH/USDT,4794.77000000,4827.88000000,4760.00000000,4790.99000000,24864.78190000,119214961.82131300,56331
1636466400000,2021-11-09 14:00:00,ETH/USDT,4812.97000000,4833.29000000,4780.00000000,4794.77000000,17977.16410000,86457718.81233500,44671
1636462800000,2021-11-09 13:00:00,ETH/USDT,4783.44000000,4813.99000000,4780.73000000,4812.98000000,10532.43210000,50548165.84126300,29492
1636459200000,2021-11-09 12:00:00,ETH/USDT,4774.61000000,4789.07000000,4756.84000000,4783.45000000,12199.60940000,58271398.38833100,37340
1636455600000,2021-11-09 11:00:00,ETH/USDT,4798.91000000,4801.94000000,4753.46000000,4774.61000000,18795.14010000,89763855.33640000,59226
1636452000000,2021-11-09 10:00:00,ETH/USDT,4815.97000000,4816.42000000,4796.18000000,4798.90000000,9429.58710000,45314555.36060100,28802
1636448400000,2021-11-09 09:00:00,ETH/USDT,4808.95000000,4822.97000000,4801.24000000,4815.98000000,9527.06200000,45821138.53147700,28114
1636444800000,2021-11-09 08:00:00,ETH/USDT,4783.96000000,4810.17000000,4772.04000000,4808.94000000,10764.02110000,51578787.23231400,33922
1636441200000,2021-11-09 07:00:00,ETH/USDT,4812.54000000,4819.11000000,4775.77000000,4783.96000000,12296.65690000,59012210.13497600,40152
1636437600000,2021-11-09 06:00:00,ETH/USDT,4825.20000000,4838.28000000,4799.00000000,4812.54000000,13248.91896000,63786349.96071630,69020
1636434000000,2021-11-09 05:00:00,ETH/USDT,4804.59000000,4825.54000000,4802.65000000,4825.21000000,10035.37242000,48303283.28739400,32674
1636430400000,2021-11-09 04:00:00,ETH/USDT,4814.00000000,4814.00000000,4793.31000000,4804.59000000,11584.47940000,55648547.53626800,42158
1636426800000,2021-11-09 03:00:00,ETH/USDT,4787.03000000,4815.00000000,4776.37000000,4814.00000000,16021.82300000,76825251.85125300,43008
1636423200000,2021-11-09 02:00:00,ETH/USDT,4794.00000000,4799.00000000,4777.63000000,4787.04000000,9986.68160000,47835202.31410600,39024
1636419600000,2021-11-09 01:00:00,ETH/USDT,4787.51000000,4803.67000000,4780.00000000,4794.01000000,12306.55030000,58929262.31344100,42393
1636416000000,2021-11-09 00:00:00,ETH/USDT,4807.98000000,4808.96000000,4777.91000000,4787.52000000,17590.32660000,84371493.93400500,59645
1636412400000,2021-11-08 23:00:00,ETH/USDT,4780.05000000,4822.97000000,4763.28000000,4807.98000000,25449.67381000,122231225.48966770,105045
1636408800000,2021-11-08 22:00:00,ETH/USDT,4771.24000000,4781.00000000,4757.09000000,4780.06000000,6876.09890000,32791453.85093300,24361
1636405200000,2021-11-08 21:00:00,ETH/USDT,4758.00000000,4786.43000000,4752.99000000,4771.25000000,11913.87580000,56869242.99480400,29404
1636401600000,2021-11-08 20:00:00,ETH/USDT,4752.00000000,4767.06000000,4732.01000000,4758.01000000,14526.46330000,68988664.24680700,48447
1636398000000,2021-11-08 19:00:00,ETH/USDT,4776.50000000,4788.47000000,4748.68000000,4752.00000000,12094.85070000,57645067.33249700,45503
1636394400000,2021-11-08 18:00:00,ETH/USDT,4782.45000000,4791.39000000,4773.61000000,4776.51000000,9004.48300000,43047293.01877100,34509
1636390800000,2021-11-08 17:00:00,ETH/USDT,4769.40000000,4793.98000000,4767.54000000,4782.44000000,14780.86246000,70727279.65941960,56050
1636387200000,2021-11-08 16:00:00,ETH/USDT,4763.78000000,4785.10000000,4750.00000000,4769.40000000,21739.07430000,103616120.39629150,57243
1636383600000,2021-11-08 15:00:00,ETH/USDT,4713.08000000,4777.22000000,4709.62000000,4763.77000000,18944.37685000,90016157.81508440,61179
1636380000000,2021-11-08 14:00:00,ETH/USDT,4715.78000000,4734.06000000,4703.83000000,4713.08000000,13759.08160000,64906079.49272100,42355
1636376400000,2021-11-08 13:00:00,ETH/USDT,4736.27000000,4763.00000000,4711.63000000,4715.79000000,18378.54970000,87028189.88570900,44606
1636372800000,2021-11-08 12:00:00,ETH/USDT,4730.03000000,4745.00000000,4722.64000000,4736.27000000,11085.31180000,52455245.66696700,40679
1636369200000,2021-11-08 11:00:00,ETH/USDT,4730.00000000,4735.21000000,4717.99000000,4730.02000000,8630.44880000,40800237.07098900,37245
1636365600000,2021-11-08 10:00:00,ETH/USDT,4720.24000000,4734.92000000,4713.38000000,4729.99000000,11747.64000000,55529327.52696100,36550
1636362000000,2021-11-08 09:00:00,ETH/USDT,4738.83000000,4740.83000000,4715.00000000,4720.24000000,12701.40270000,60019509.90599800,39703
1636358400000,2021-11-08 08:00:00,ETH/USDT,4723.30000000,4739.95000000,4708.42000000,4738.83000000,19586.21770000,92467210.92800300,40857
1636354800000,2021-11-08 07:00:00,ETH/USDT,4737.53000000,4748.00000000,4715.11000000,4723.29000000,12683.76560000,60000037.64274700,47415
1636351200000,2021-11-08 06:00:00,ETH/USDT,4720.08000000,4764.64000000,4714.57000000,4737.53000000,22416.70346000,106320177.10151990,107199
1636347600000,2021-11-08 05:00:00,ETH/USDT,4714.01000000,4729.00000000,4713.08000000,4720.00000000,12687.93280000,59888138.62928000,49438
1636344000000,2021-11-08 04:00:00,ETH/USDT,4720.51000000,4725.89000000,4708.58000000,4713.86000000,10498.44240000,49543208.41409600,39093
1636340400000,2021-11-08 03:00:00,ETH/USDT,4698.96000000,4737.26000000,4697.37000000,4720.51000000,18371.75229000,86714689.63967000,71337
1636336800000,2021-11-08 02:00:00,ETH/USDT,4686.65000000,4711.29000000,4686.65000000,4698.95000000,11607.95131000,54575327.69003280,35193
1636333200000,2021-11-08 01:00:00,ETH/USDT,4688.29000000,4707.00000000,4678.39000000,4686.66000000,26238.36934000,123079183.31371730,72411
1636329600000,2021-11-08 00:00:00,ETH/USDT,4612.59000000,4697.00000000,4612.00000000,4688.29000000,45378.98944000,211541771.98017120,178422
1636326000000,2021-11-07 23:00:00,ETH/USDT,4596.39000000,4616.27000000,4594.21000000,4612.59000000,6803.58490000,31318064.49979300,34052
1636322400000,2021-11-07 22:00:00,ETH/USDT,4625.62000000,4632.00000000,4587.13000000,4596.39000000,8252.08610000,38025412.08767900,33463
1636318800000,2021-11-07 21:00:00,ETH/USDT,4624.45000000,4637.98000000,4621.49000000,4625.62000000,8720.44140000,40357627.40138900,36577
1636315200000,2021-11-07 20:00:00,ETH/USDT,4603.36000000,4627.08000000,4590.68000000,4624.45000000,6867.28550000,31650225.07598500,24342
1636311600000,2021-11-07 19:00:00,ETH/USDT,4611.19000000,4619.03000000,4593.55000000,4603.36000000,6421.41960000,29594436.09107100,21406
1636308000000,2021-11-07 18:00:00,ETH/USDT,4610.15000000,4612.91000000,4587.83000000,4611.20000000,7909.05020000,36384268.06278200,21711
1636304400000,2021-11-07 17:00:00,ETH/USDT,4592.19000000,4610.16000000,4587.77000000,4610.16000000,7653.95510000,35181853.70722900,21083
1636300800000,2021-11-07 16:00:00,ETH/USDT,4604.04000000,4617.59000000,4589.49000000,4592.18000000,9379.73120000,43176364.54739300,34880
1636297200000,2021-11-07 15:00:00,ETH/USDT,4597.82000000,4608.34000000,4574.04000000,4604.05000000,9214.26490000,42318367.43013800,29942
1636293600000,2021-11-07 14:00:00,ETH/USDT,4605.44000000,4626.02000000,4597.82000000,4597.82000000,12962.88160000,59820922.65683900,41282
1636290000000,2021-11-07 13:00:00,ETH/USDT,4593.50000000,4615.96000000,4591.12000000,4605.44000000,9616.73970000,44266800.14803600,29884
1636286400000,2021-11-07 12:00:00,ETH/USDT,4592.95000000,4614.91000000,4584.73000000,4593.51000000,10321.75030000,47485822.08586800,28525
1636282800000,2021-11-07 11:00:00,ETH/USDT,4593.29000000,4599.14000000,4571.85000000,4592.95000000,9195.34660000,42142742.18118100,41332
1636279200000,2021-11-07 10:00:00,ETH/USDT,4582.76000000,4616.44000000,4582.15000000,4593.30000000,24932.82730000,114727742.55228200,83815
1636275600000,2021-11-07 09:00:00,ETH/USDT,4544.62000000,4599.00000000,4518.61000000,4582.59000000,16769.43940000,76470643.21513900,67778
1636272000000,2021-11-07 08:00:00,ETH/USDT,4541.50000000,4553.50000000,4539.40000000,4544.61000000,6398.22860000,29084628.91911800,28114
1636268400000,2021-11-07 07:00:00,ETH/USDT,4546.66000000,4554.73000000,4538.08000000,4541.50000000,6587.66320000,29956516.54822300,33327
1636264800000,2021-11-07 06:00:00,ETH/USDT,4544.58000000,4560.00000000,4541.39000000,4546.66000000,7385.26070000,33614842.66539400,27820
1636261200000,2021-11-07 05:00:00,ETH/USDT,4549.43000000,4551.27000000,4537.42000000,4544.57000000,6522.20640000,29634701.01129400,21181
1636257600000,2021-11-07 04:00:00,ETH/USDT,4549.99000000,4569.62000000,4547.36000000,4549.44000000,7937.18480000,36159188.55595800,21759
1636254000000,2021-11-07 03:00:00,ETH/USDT,4544.09000000,4555.00000000,4538.96000000,4549.99000000,5283.45180000,24018311.79298400,17466
1636250400000,2021-11-07 02:00:00,ETH/USDT,4552.58000000,4563.00000000,4531.85000000,4544.33000000,8752.75720000,39805282.25460100,23059
1636246800000,2021-11-07 01:00:00,ETH/USDT,4544.97000000,4571.83000000,4540.46000000,4552.58000000,23754.54500000,108249205.08680500,67823
1636243200000,2021-11-07 00:00:00,ETH/USDT,4518.00000000,4549.00000000,4502.37000000,4544.98000000,15954.49370000,72191602.78799900,44124
1636239600000,2021-11-06 23:00:00,ETH/USDT,4501.14000000,4518.00000000,4498.49000000,4518.00000000,5768.96470000,25993352.74007800,16359
1636236000000,2021-11-06 22:00:00,ETH/USDT,4509.77000000,4519.36000000,4497.46000000,4501.14000000,7058.73760000,31829736.60677500,21012
1636232400000,2021-11-06 21:00:00,ETH/USDT,4482.58000000,4530.00000000,4482.47000000,4509.78000000,10733.92160000,48409607.39043800,33105
1636228800000,2021-11-06 20:00:00,ETH/USDT,4493.74000000,4518.96000000,4480.03000000,4482.57000000,18298.50890000,82366156.43953700,47936
1636225200000,2021-11-06 19:00:00,ETH/USDT,4441.67000000,4494.55000000,4438.72000000,4493.73000000,19641.21500000,87712424.46536000,44700
1636221600000,2021-11-06 18:00:00,ETH/USDT,4417.59000000,4450.00000000,4416.53000000,4441.67000000,8671.55460000,38472772.40414400,21371
1636218000000,2021-11-06 17:00:00,ETH/USDT,4410.01000000,4445.62000000,4404.84000000,4417.58000000,25981.08220000,115050718.71630600,45295
1636214400000,2021-11-06 16:00:00,ETH/USDT,4398.57000000,4410.20000000,4382.53000000,4410.00000000,9774.41750000,42984946.80626200,23392
1636210800000,2021-11-06 15:00:00,ETH/USDT,4398.01000000,4408.05000000,4390.00000000,4398.57000000,7655.30460000,33684338.78741100,23039
1636207200000,2021-11-06 14:00:00,ETH/USDT,4382.61000000,4409.98000000,4367.93000000,4398.00000000,10126.59900000,44419777.28874800,30964
1636203600000,2021-11-06 13:00:00,ETH/USDT,4362.84000000,4402.01000000,4359.46000000,4382.62000000,13411.91760000,58763807.57222700,44400
1636200000000,2021-11-06 12:00:00,ETH/USDT,4369.53000000,4378.20000000,4326.17000000,4362.84000000,27771.65670000,120947505.43489200,68303
1636196400000,2021-11-06 11:00:00,ETH/USDT,4390.43000000,4397.15000000,4338.97000000,4369.52000000,39541.34920000,172871731.50044100,108330
1636192800000,2021-11-06 10:00:00,ETH/USDT,4462.05000000,4469.17000000,4388.04000000,4390.44000000,28180.96180000,124661983.06155100,81996
1636189200000,2021-11-06 09:00:00,ETH/USDT,4471.14000000,4481.53000000,4461.65000000,4462.08000000,6157.24140000,27537192.23140300,18042
1636185600000,2021-11-06 08:00:00,ETH/USDT,4471.72000000,4495.67000000,4463.28000000,4471.15000000,11474.22160000,51404877.09210600,27783
1636182000000,2021-11-06 07:00:00,ETH/USDT,4489.11000000,4491.79000000,4457.05000000,4471.72000000,10726.74420000,47951058.35349100,27856
1636178400000,2021-11-06 06:00:00,ETH/USDT,4507.02000000,4513.43000000,4484.64000000,4489.11000000,7423.30680000,33382386.70240100,21232
1636174800000,2021-11-06 05:00:00,ETH/USDT,4494.99000000,4515.00000000,4490.95000000,4507.02000000,9460.42500000,42603981.43017000,30601
1636171200000,2021-11-06 04:00:00,ETH/USDT,4491.01000000,4498.87000000,4477.50000000,4495.00000000,6634.74130000,29800061.38559500,18620
1636167600000,2021-11-06 03:00:00,ETH/USDT,4482.54000000,4497.44000000,4474.21000000,4491.01000000,6271.81310000,28127599.18099300,25379
1636164000000,2021-11-06 02:00:00,ETH/USDT,4497.42000000,4504.76000000,4473.15000000,4482.55000000,7412.80370000,33243055.41742600,21590
1636160400000,2021-11-06 01:00:00,ETH/USDT,4498.86000000,4511.70000000,4477.69000000,4497.42000000,10103.10400000,45436644.53805500,35396
1636156800000,2021-11-06 00:00:00,ETH/USDT,4474.24000000,4507.29000000,4455.88000000,4498.86000000,13873.50520000,62135545.77371400,31975
1636153200000,2021-11-05 23:00:00,ETH/USDT,4480.10000000,4482.04000000,4455.70000000,4474.24000000,6988.27260000,31243167.75221200,19397
1636149600000,2021-11-05 22:00:00,ETH/USDT,4461.65000000,4482.00000000,4453.67000000,4480.09000000,5886.12640000,26321781.83911800,23998
1636146000000,2021-11-05 21:00:00,ETH/USDT,4448.65000000,4480.11000000,4447.61000000,4461.65000000,10345.46920000,46193018.30232400,28561
1636142400000,2021-11-05 20:00:00,ETH/USDT,4495.00000000,4496.58000000,4438.80000000,4448.65000000,27311.33190000,121753364.17026300,52834
1636138800000,2021-11-05 19:00:00,ETH/USDT,4500.88000000,4501.52000000,4475.74000000,4495.00000000,10211.87350000,45826228.46588900,26269
1636135200000,2021-11-05 18:00:00,ETH/USDT,4482.92000000,4510.12000000,4476.69000000,4500.88000000,10048.53670000,45206852.62186100,32035
1636131600000,2021-11-05 17:00:00,ETH/USDT,4484.28000000,4500.00000000,4471.84000000,4482.92000000,10207.65190000,45787135.47302000,27272
1636128000000,2021-11-05 16:00:00,ETH/USDT,4462.04000000,4487.01000000,4457.68000000,4484.27000000,9349.96570000,41849867.34352800,34817
1636124400000,2021-11-05 15:00:00,ETH/USDT,4485.00000000,4488.77000000,4450.72000000,4462.04000000,18747.27970000,83740653.02292100,56670
1636120800000,2021-11-05 14:00:00,ETH/USDT,4517.86000000,4527.41000000,4482.61000000,4485.01000000,11729.73140000,52856893.32755100,37241
1636117200000,2021-11-05 13:00:00,ETH/USDT,4496.09000000,4534.99000000,4491.00000000,4517.86000000,13875.05870000,62604172.15428800,40053
1636113600000,2021-11-05 12:00:00,ETH/USDT,4473.58000000,4498.56000000,4452.84000000,4496.09000000,14578.50280000,65306619.15192300,42973
1636110000000,2021-11-05 11:00:00,ETH/USDT,4500.00000000,4515.00000000,4462.00000000,4473.58000000,20080.27150000,90186401.47038800,55680
1636106400000,2021-11-05 10:00:00,ETH/USDT,4509.58000000,4517.76000000,4488.00000000,4499.99000000,15999.56910000,72072847.06142300,41678
1636102800000,2021-11-05 09:00:00,ETH/USDT,4540.68000000,4544.71000000,4496.95000000,4509.59000000,17563.98210000,79409709.98692000,57574
1636099200000,2021-11-05 08:00:00,ETH/USDT,4529.35000000,4541.91000000,4518.36000000,4540.68000000,11719.72360000,53055416.57769800,41666
1636095600000,2021-11-05 07:00:00,ETH/USDT,4529.57000000,4553.93000000,4527.61000000,4529.35000000,13244.69160000,60150035.71052700,45019
1636092000000,2021-11-05 06:00:00,ETH/USDT,4540.93000000,4570.05000000,4527.21000000,4529.57000000,14737.94770000,67100773.05117100,40822
1636088400000,2021-11-05 05:00:00,ETH/USDT,4529.69000000,4540.93000000,4516.20000000,4540.93000000,7426.25320000,33606868.79390400,30215
1636084800000,2021-11-05 04:00:00,ETH/USDT,4542.39000000,4542.84000000,4528.70000000,4529.70000000,9237.18400000,41895934.69409300,26646
1636081200000,2021-11-05 03:00:00,ETH/USDT,4503.55000000,4555.00000000,4503.27000000,4542.40000000,12699.87300000,57619135.93725800,39832
1636077600000,2021-11-05 02:00:00,ETH/USDT,4526.06000000,4532.31000000,4502.90000000,4503.55000000,9857.39620000,44563162.48384100,26372
1636074000000,2021-11-05 01:00:00,ETH/USDT,4473.20000000,4527.58000000,4469.14000000,4526.06000000,9270.74210000,41698068.45851200,27942
1636070400000,2021-11-05 00:00:00,ETH/USDT,4532.31000000,4536.00000000,4468.23000000,4473.19000000,14534.28980000,65455397.37731400,37502
1636066800000,2021-11-04 23:00:00,ETH/USDT,4515.53000000,4537.00000000,4510.31000000,4532.32000000,8212.65850000,37186122.17760000,22343
1636063200000,2021-11-04 22:00:00,ETH/USDT,4521.64000000,4531.93000000,4500.79000000,4515.53000000,10725.06030000,48484403.01245800,27282
1636059600000,2021-11-04 21:00:00,ETH/USDT,4511.58000000,4527.86000000,4501.75000000,4521.64000000,7273.73150000,32856017.00936300,26225
1636056000000,2021-11-04 20:00:00,ETH/USDT,4489.83000000,4524.00000000,4480.00000000,4511.57000000,10737.97350000,48345870.18783400,33259
1636052400000,2021-11-04 19:00:00,ETH/USDT,4443.15000000,4489.83000000,4440.65000000,4489.83000000,10585.58740000,47272673.22170000,32504
1636048800000,2021-11-04 18:00:00,ETH/USDT,4443.02000000,4481.42000000,4420.08000000,4443.15000000,15947.89170000,71027574.64667200,56491
1636045200000,2021-11-04 17:00:00,ETH/USDT,4469.38000000,4481.70000000,4441.18000000,4442.51000000,15624.86420000,69679851.82678000,52670
1636041600000,2021-11-04 16:00:00,ETH/USDT,4480.33000000,4501.00000000,4444.86000000,4469.38000000,27252.46735000,121769095.32508300,77993
1636038000000,2021-11-04 15:00:00,ETH/USDT,4530.70000000,4535.86000000,4459.21000000,4480.33000000,39043.46110000,175241040.06194000,96760
1636034400000,2021-11-04 14:00:00,ETH/USDT,4547.08000000,4580.82000000,4528.33000000,4530.69000000,19310.59290000,88045073.69708700,50989
1636030800000,2021-11-04 13:00:00,ETH/USDT,4536.69000000,4554.69000000,4512.53000000,4547.09000000,17257.54790000,78200799.11942300,42798
1636027200000,2021-11-04 12:00:00,ETH/USDT,4509.29000000,4538.60000000,4501.98000000,4536.70000000,10629.75430000,48076791.38831400,31312
1636023600000,2021-11-04 11:00:00,ETH/USDT,4532.98000000,4542.51000000,4490.00000000,4509.29000000,15281.80040000,68968429.22887500,35359
1636020000000,2021-11-04 10:00:00,ETH/USDT,4525.07000000,4544.51000000,4501.79000000,4532.99000000,16191.83990000,73204585.59746200,34473
1636016400000,2021-11-04 09:00:00,ETH/USDT,4501.60000000,4528.29000000,4478.00000000,4525.07000000,23090.19450000,103951332.69540300,57913
1636012800000,2021-11-04 08:00:00,ETH/USDT,4516.16000000,4555.75000000,4498.00000000,4501.60000000,20222.89300000,91426132.35890400,58191
1636009200000,2021-11-04 07:00:00,ETH/USDT,4571.92000000,4582.00000000,4513.73000000,4516.16000000,14513.59790000,65920676.59180000,38668
1636005600000,2021-11-04 06:00:00,ETH/USDT,4539.72000000,4574.95000000,4533.81000000,4571.93000000,7841.30230000,35720519.14666700,29003
1636002000000,2021-11-04 05:00:00,ETH/USDT,4578.93000000,4583.00000000,4531.00000000,4539.73000000,10170.11990000,46347115.82032900,32161
1635998400000,2021-11-04 04:00:00,ETH/USDT,4556.41000000,4592.83000000,4555.33000000,4578.93000000,9845.96160000,45055018.09374100,34125
1635994800000,2021-11-04 03:00:00,ETH/USDT,4563.37000000,4570.01000000,4540.00000000,4556.41000000,9336.82820000,42511657.36406600,35049
1635991200000,2021-11-04 02:00:00,ETH/USDT,4554.99000000,4577.99000000,4552.59000000,4563.37000000,10820.57620000,49408320.67025900,27250
1635987600000,2021-11-04 01:00:00,ETH/USDT,4572.44000000,4584.01000000,4553.15000000,4554.98000000,13804.62200000,63006911.30624700,34444
1635984000000,2021-11-04 00:00:00,ETH/USDT,4603.35000000,4606.65000000,4556.66000000,4572.45000000,24496.93040000,112236863.24502900,52413
1635980400000,2021-11-03 23:00:00,ETH/USDT,4591.69000000,4609.01000000,4575.24000000,4603.35000000,10148.82220000,46619093.84602800,32458
1635976800000,2021-11-03 22:00:00,ETH/USDT,4607.75000000,4614.54000000,4578.02000000,4591.53000000,11461.49050000,52626725.56819600,41933
1635973200000,2021-11-03 21:00:00,ETH/USDT,4613.00000000,4628.01000000,4592.02000000,4607.74000000,14447.75050000,66634044.71022200,39948
1635969600000,2021-11-03 20:00:00,ETH/USDT,4623.47000000,4635.00000000,4601.79000000,4613.00000000,13942.89950000,64424654.19092800,44950
1635966000000,2021-11-03 19:00:00,ETH/USDT,4653.36000000,4665.87000000,4615.00000000,4623.46000000,23642.63029000,109637964.19117880,83906
1635962400000,2021-11-03 18:00:00,ETH/USDT,4549.25000000,4659.98000000,4500.00000000,4653.36000000,53670.04959000,246456534.37088240,210512
1635958800000,2021-11-03 17:00:00,ETH/USDT,4523.03000000,4562.28000000,4517.67000000,4549.26000000,11609.88550000,52754995.20137000,43751
1635955200000,2021-11-03 16:00:00,ETH/USDT,4545.67000000,4562.00000000,4508.37000000,4523.03000000,16627.06690000,75459910.62084600,46477
1635951600000,2021-11-03 15:00:00,ETH/USDT,4511.61000000,4547.45000000,4495.87000000,4545.68000000,15261.65590000,69049011.65068600,41734
1635948000000,2021-11-03 14:00:00,ETH/USDT,4482.76000000,4520.08000000,4455.00000000,4511.62000000,23925.18040000,107395872.55834800,72524
1635944400000,2021-11-03 13:00:00,ETH/USDT,4522.48000000,4553.82000000,4476.41000000,4482.22000000,29384.29210000,132523331.02640500,94511
1635940800000,2021-11-03 12:00:00,ETH/USDT,4577.22000000,4579.70000000,4496.13000000,4522.49000000,26385.31410000,119653273.55439800,86742
1635937200000,2021-11-03 11:00:00,ETH/USDT,4575.91000000,4582.50000000,4550.49000000,4577.27000000,13312.50370000,60790758.12895700,49049
1635933600000,2021-11-03 10:00:00,ETH/USDT,4594.48000000,4607.68000000,4572.99000000,4575.91000000,13312.83390000,61098413.60878000,35451
1635930000000,2021-11-03 09:00:00,ETH/USDT,4581.39000000,4620.45000000,4572.90000000,4594.49000000,13517.45020000,62139623.40270400,38838
1635926400000,2021-11-03 08:00:00,ETH/USDT,4610.62000000,4611.41000000,4576.70000000,4581.38000000,12901.65010000,59223861.89403400,37025
1635922800000,2021-11-03 07:00:00,ETH/USDT,4555.34000000,4615.84000000,4550.96000000,4610.62000000,16303.74760000,74803538.43697200,45842
1635919200000,2021-11-03 06:00:00,ETH/USDT,4559.36000000,4570.00000000,4548.18000000,4555.34000000,9580.27400000,43670347.78510800,33450
1635915600000,2021-11-03 05:00:00,ETH/USDT,4537.56000000,4573.28000000,4508.16000000,4559.36000000,17717.95130000,80715384.90348400,76641
1635912000000,2021-11-03 04:00:00,ETH/USDT,4588.75000000,4590.83000000,4533.16000000,4537.51000000,17146.67130000,78215020.06060400,67133
1635908400000,2021-11-03 03:00:00,ETH/USDT,4598.74000000,4599.05000000,4575.46000000,4588.75000000,12069.79850000,55338070.40740300,53612
1635904800000,2021-11-03 02:00:00,ETH/USDT,4610.97000000,4611.56000000,4575.43000000,4598.73000000,14880.65160000,68269396.67721400,62456
1635901200000,2021-11-03 01:00:00,ETH/USDT,4632.40000000,4639.98000000,4598.00000000,4610.98000000,22728.27150000,104977401.59267700,113545
1635897600000,2021-11-03 00:00:00,ETH/USDT,4589.68000000,4636.99000000,4553.30000000,4632.35000000,34679.51007000,159260079.62519970,128152
1635894000000,2021-11-02 23:00:00,ETH/USDT,4544.33000000,4599.60000000,4541.62000000,4589.89000000,31028.49290000,141947878.37757790,139897
1635890400000,2021-11-02 22:00:00,ETH/USDT,4527.04000000,4556.75000000,4516.69000000,4544.33000000,22546.04299000,102419003.86996140,128864
1635886800000,2021-11-02 21:00:00,ETH/USDT,4499.44000000,4528.00000000,4479.46000000,4527.04000000,14662.70240000,66042264.84853200,38924
1635883200000,2021-11-02 20:00:00,ETH/USDT,4508.99000000,4528.51000000,4489.59000000,4499.63000000,19837.35353000,89488265.40979020,68839
1635879600000,2021-11-02 19:00:00,ETH/USDT,4496.88000000,4519.64000000,4491.04000000,4509.00000000,13634.97400000,61454350.65647900,42882
1635876000000,2021-11-02 18:00:00,ETH/USDT,4475.56000000,4504.98000000,4473.54000000,4496.88000000,12575.64590000,56495466.78040200,59847
1635872400000,2021-11-02 17:00:00,ETH/USDT,4499.66000000,4503.18000000,4473.45000000,4475.57000000,14269.49820000,64029003.59650600,56604
1635868800000,2021-11-02 16:00:00,ETH/USDT,4511.43000000,4517.99000000,4479.82000000,4499.66000000,25234.66150000,113520918.26262500,66770
1635865200000,2021-11-02 15:00:00,ETH/USDT,4467.72000000,4519.69000000,4467.47000000,4511.42000000,37770.88803000,169976327.57880070,149403
1635861600000,2021-11-02 14:00:00,ETH/USDT,4488.38000000,4491.75000000,4454.49000000,4467.72000000,29202.55469000,130820511.73077940,78660
1635858000000,2021-11-02 13:00:00,ETH/USDT,4435.79000000,4488.88000000,4435.78000000,4488.38000000,21082.84562000,94147446.83997930,67055
1635854400000,2021-11-02 12:00:00,ETH/USDT,4412.86000000,4447.15000000,4408.92000000,4435.79000000,16157.42070000,71661687.50698000,47273
1635850800000,2021-11-02 11:00:00,ETH/USDT,4442.72000000,4452.75000000,4411.42000000,4413.09000000,16573.04750000,73543891.80845300,50604
1635847200000,2021-11-02 10:00:00,ETH/USDT,4425.54000000,4477.46000000,4423.92000000,4442.72000000,48776.12065000,217074945.44909730,179045
1635843600000,2021-11-02 09:00:00,ETH/USDT,4350.09000000,4438.40000000,4340.01000000,4425.55000000,36304.93040000,159742087.88369800,150510
1635840000000,2021-11-02 08:00:00,ETH/USDT,4340.82000000,4364.75000000,4330.02000000,4350.06000000,10586.76420000,46036109.05693200,31523
1635836400000,2021-11-02 07:00:00,ETH/USDT,4376.00000000,4379.69000000,4337.28000000,4340.81000000,10470.41320000,45628962.66756400,39558
1635832800000,2021-11-02 06:00:00,ETH/USDT,4365.09000000,4387.81000000,4349.24000000,4376.00000000,13983.56140000,61093585.89389200,53847
1635829200000,2021-11-02 05:00:00,ETH/USDT,4362.69000000,4371.04000000,4338.64000000,4365.10000000,14148.31490000,61601411.44073300,41225
1635825600000,2021-11-02 04:00:00,ETH/USDT,4318.82000000,4371.89000000,4315.37000000,4362.69000000,16602.86640000,72212453.40538800,42604
1635822000000,2021-11-02 03:00:00,ETH/USDT,4307.51000000,4322.00000000,4298.51000000,4318.83000000,5999.85320000,25864975.74679400,19550
1635818400000,2021-11-02 02:00:00,ETH/USDT,4320.63000000,4330.34000000,4301.54000000,4307.51000000,7879.53760000,33995311.06622900,26575
1635814800000,2021-11-02 01:00:00,ETH/USDT,4310.93000000,4342.19000000,4297.96000000,4320.92000000,12758.13820000,55127411.08677200,35918
1635811200000,2021-11-02 00:00:00,ETH/USDT,4319.43000000,4349.89000000,4284.43000000,4311.07000000,16098.16490000,69447248.84286200,41256
1635807600000,2021-11-01 23:00:00,ETH/USDT,4305.92000000,4334.54000000,4304.39000000,4319.43000000,7859.49090000,33963151.52682200,20809
1635804000000,2021-11-01 22:00:00,ETH/USDT,4295.82000000,4338.00000000,4292.24000000,4305.93000000,7867.81130000,33982209.87645500,22670
1635800400000,2021-11-01 21:00:00,ETH/USDT,4310.48000000,4310.99000000,4278.07000000,4295.81000000,11966.41390000,51385278.74858200,41860
1635796800000,2021-11-01 20:00:00,ETH/USDT,4364.28000000,4365.78000000,4300.00000000,4310.18000000,16197.41640000,70152451.50482800,45834
1635793200000,2021-11-01 19:00:00,ETH/USDT,4295.92000000,4366.00000000,4279.36000000,4364.28000000,16651.00150000,72127036.46308900,53301
1635789600000,2021-11-01 18:00:00,ETH/USDT,4283.73000000,4304.37000000,4264.63000000,4295.92000000,10485.58120000,44933666.60589400,43088
1635786000000,2021-11-01 17:00:00,ETH/USDT,4296.04000000,4303.02000000,4269.69000000,4283.72000000,14450.39220000,61950578.29216000,54771
1635782400000,2021-11-01 16:00:00,ETH/USDT,4349.97000000,4354.65000000,4288.32000000,4296.04000000,19143.04720000,82752220.90722300,48005
1635778800000,2021-11-01 15:00:00,ETH/USDT,4329.78000000,4353.10000000,4325.85000000,4349.98000000,9846.49070000,42746644.57761400,43769
1635775200000,2021-11-01 14:00:00,ETH/USDT,4375.51000000,4386.58000000,4308.25000000,4329.78000000,19762.80090000,85901656.97586000,70006
1635771600000,2021-11-01 13:00:00,ETH/USDT,4345.58000000,4377.00000000,4336.00000000,4375.33000000,16058.00180000,69950923.69726800,41419
1635768000000,2021-11-01 12:00:00,ETH/USDT,4315.00000000,4373.30000000,4314.99000000,4345.58000000,28368.17860000,123404451.57701600,71925
1635764400000,2021-11-01 11:00:00,ETH/USDT,4328.94000000,4354.33000000,4303.48000000,4315.00000000,25788.96580000,111821655.50304000,56893
1635760800000,2021-11-01 10:00:00,ETH/USDT,4316.55000000,4335.00000000,4313.86000000,4328.94000000,11207.71110000,48466705.83391800,29937
1635757200000,2021-11-01 09:00:00,ETH/USDT,4311.11000000,4344.41000000,4310.64000000,4316.56000000,16175.35920000,70016662.66961900,39903
1635753600000,2021-11-01 08:00:00,ETH/USDT,4302.94000000,4338.07000000,4294.52000000,4311.11000000,21038.55420000,90810418.16591300,53773
1635750000000,2021-11-01 07:00:00,ETH/USDT,4241.99000000,4320.00000000,4241.46000000,4302.93000000,31363.21900000,134727276.14700500,72186
1635746400000,2021-11-01 06:00:00,ETH/USDT,4225.00000000,4259.14000000,4198.55000000,4241.99000000,13908.93710000,58795880.82010000,34049
1635742800000,2021-11-01 05:00:00,ETH/USDT,4226.91000000,4252.58000000,4220.00000000,4225.00000000,13580.80710000,57566713.31951400,31788
1635739200000,2021-11-01 04:00:00,ETH/USDT,4191.50000000,4243.03000000,4146.30000000,4226.92000000,29979.03370000,125745068.50189000,78213
1635735600000,2021-11-01 03:00:00,ETH/USDT,4236.14000000,4241.00000000,4175.00000000,4190.66000000,18701.08530000,78763702.07418500,44129
1635732000000,2021-11-01 02:00:00,ETH/USDT,4293.86000000,4306.91000000,4191.21000000,4236.12000000,31013.98000000,131470027.87660200,73575
1635728400000,2021-11-01 01:00:00,ETH/USDT,4317.03000000,4325.00000000,4293.12000000,4293.87000000,10076.72930000,43410945.28165400,24723
1635724800000,2021-11-01 00:00:00,ETH/USDT,4287.48000000,4323.35000000,4276.79000000,4317.03000000,16129.69890000,69474560.35610900,37410